{
    "primaryEmail": "suyash.joshi@opslyft.com",
    "config": {
        "Weekly": [
            {
                "name": "Compute Cost 3",
                "email": [
                    "suyash.joshi@opslyft.com",
                    "suyashjoshi0508@gmail.com"
                ],
                "filters": {
                    "project": [
                        "rock-bonus-299515"
                    ],
                    "groupBy": "labels",
                    "region": [
                        "us-central-1"
                    ],
                    "service": [
                        "Compute Engine"
                    ],
                    "labels": {
                        "owner": [
                            "opslyft"
                        ],
                        "environment": [
                            "prod",
                            "stag"
                        ]
                    }
                }
            }
        ],
        "Daily": [
            {
                "name": "Compute Cost 3",
                "email": [
                    "suyash.joshi@opslyft.com",
                    "suyashjoshi0508@gmail.com"
                ],
                "filters": {
                    "project": [
                        "rock-bonus-299515"
                    ],
                    "groupBy": "labels",
                    "region": [
                        "us-central-1"
                    ],
                    "service": [
                        "Compute Engine"
                    ],
                    "labels": {
                        "owner": [
                            "opslyft"
                        ],
                        "environment": [
                            "prod",
                            "stag"
                        ]
                    }
                }
            }
        ]
    }
}