{
  "config": [
    [
      {
        "email": [
          "suyash.joshi@opslyft.com",
          "suyashjoshi0508@gmail.com"
        ],
        "filters": {
          "groupBy": "labels",
          "labels": {
            "environment": [
              "prod",
              "stag"
            ],
            "owner": [
              "opslyft"
            ]
          },
          "project": [
            "rock-bonus-299515"
          ],
          "region": [
            "us-central-1"
          ],
          "service": [
            "Compute Engine"
          ]
        },
        "name": "Compute Cost 3",
        "period": "Weekly"
      }
    ]
  ],
  "primaryEmail": "suyash.joshi@opslyft.com"
}